{"cameraMode":{"drawMode":0,"name":"Shaded","section":"Shading Mode"},"sceneLighting":true,"audioPlay":false,"sceneViewState":{"m_AlwaysRefresh":false,"showFog":true,"showSkybox":true,"showFlares":true,"showImageEffects":true,"showParticleSystems":true,"showVisualEffectGraphs":true,"m_FxEnabled":true},"in2DMode":false,"pivot":{"x":148.52276611328126,"y":-0.6829859614372253,"z":-177.08030700683595},"rotation":{"x":-0.10139136761426926,"y":0.5453410744667053,"z":-0.06700533628463745,"w":-0.829599916934967},"size":7.5163655281066898,"orthographic":false}