{"cameraMode":{"drawMode":0,"name":"Shaded","section":"Shading Mode"},"sceneLighting":true,"audioPlay":false,"sceneViewState":{"m_AlwaysRefresh":false,"showFog":true,"showSkybox":true,"showFlares":true,"showImageEffects":true,"showParticleSystems":true,"showVisualEffectGraphs":true,"m_FxEnabled":true},"in2DMode":false,"pivot":{"x":-90.00719451904297,"y":-56.66530990600586,"z":30.46980857849121},"rotation":{"x":-0.09113778173923493,"y":0.41081225872039797,"z":-0.041542794555425647,"w":-0.9064149260520935},"size":174.49156188964845,"orthographic":false}