{"cameraMode":{"drawMode":0,"name":"Shaded","section":"Shading Mode"},"sceneLighting":true,"audioPlay":false,"sceneViewState":{"m_AlwaysRefresh":false,"showFog":true,"showSkybox":true,"showFlares":true,"showImageEffects":true,"showParticleSystems":true,"showVisualEffectGraphs":true,"m_FxEnabled":true},"in2DMode":false,"pivot":{"x":156.79153442382813,"y":2.695368528366089,"z":-181.61727905273438},"rotation":{"x":-0.010237878188490868,"y":0.9826670289039612,"z":-0.05706094205379486,"w":-0.1765279918909073},"size":0.6145620346069336,"orthographic":false}