{"cameraMode":{"drawMode":0,"name":"Shaded","section":"Shading Mode"},"sceneLighting":true,"audioPlay":false,"sceneViewState":{"m_AlwaysRefresh":false,"showFog":true,"showSkybox":true,"showFlares":true,"showImageEffects":true,"showParticleSystems":true,"showVisualEffectGraphs":true,"m_FxEnabled":true},"in2DMode":false,"pivot":{"x":151.20013427734376,"y":2.256675958633423,"z":-173.20358276367188},"rotation":{"x":-0.015517092309892178,"y":0.36915552616119387,"z":-0.006472141016274691,"w":-0.9294360280036926},"size":7.5163655281066898,"orthographic":false}